company_id,company_name,revenue,profit,debt,assets,downtime_hours_per_month,failure_rate_per_1000,vendor_delay_days_per_month,default_history,avg_days_to_pay,credit_score,esg_environment,esg_governance,esg_controversies,market_volatility,stock_return_30d,risk_score,default_probability
C00001,Company 0001,1012345,273333,293580,1143949,7,1.1,5,0,38,331,61,63,6,0.04,-0.487,0.2496,0.2323
C00002,Company 0002,1024690,143456,491851,1291109,14,2.2,10,0,61,362,21,25,1,0.07,-0.474,0.4065,0.3029
C00003,Company 0003,1037035,10370,694813,1441478,21,3.3,15,0,84,393,62,68,7,0.1,-0.461,0.5217,0.3548
C00004,Company 0004,1049380,398764,902466,1595057,28,4.4,20,0,17,424,22,30,2,0.13,-0.448,0.4104,0.3047
C00005,Company 0005,1061725,265431,265431,1751846,35,5.5,25,0,40,455,63,73,8,0.16,-0.435,0.2714,0.2421
C00006,Company 0006,1074070,128888,472590,1911844,42,6.6,0,0,63,486,23,35,3,0.19,-0.422,0.3569,0.2806
C00007,Company 0007,1086415,-10864,684441,2075052,49,7.7,5,1,86,517,64,78,9,0.22,-0.409,0.4647,0.5291
C00008,Company 0008,1098760,395553,900983,2241470,56,8.8,10,0,19,548,24,40,4,0.25,-0.396,0.3367,0.2715
C00009,Company 0009,1111105,255554,233332,2411097,63,9.9,15,0,42,579,65,83,10,0.28,-0.383,0.2534,0.234
C00010,Company 0010,1123450,112345,449380,2583935,70,11.0,20,0,65,610,25,45,5,0.31,-0.37,0.3914,0.2961
C00011,Company 0011,1135795,-34073,670119,2759981,77,12.1,25,0,88,641,66,88,0,0.34,-0.357,0.4937,0.3422
C00012,Company 0012,1148140,390367,895549,2939238,84,13.2,0,0,21,672,26,50,6,0.37,-0.344,0.2896,0.1503
C00013,Company 0013,1160485,243701,197282,3121704,91,14.3,5,0,44,703,67,93,1,0.4,-0.331,0.2438,0.1297
C00014,Company 0014,1172830,93826,422218,3307380,98,15.4,10,0,67,734,27,55,7,0.43,-0.318,0.3768,0.1896
C00015,Company 0015,1185175,-59258,651846,3496266,105,16.5,15,0,90,765,68,98,2,0.46,-0.305,0.475,0.2337
C00016,Company 0016,1197520,383206,886164,3688361,112,17.6,20,0,23,796,28,60,8,0.49,-0.292,0.3157,0.1621
C00017,Company 0017,1209865,229874,157282,3883666,119,18.7,25,0,46,827,69,22,3,0.52,-0.279,0.3148,0.1617
C00018,Company 0018,1222210,73332,391107,4082181,126,19.8,0,0,69,307,29,65,9,0.55,-0.266,0.4681,0.3306
C00019,Company 0019,1234555,-86418,629623,4283905,133,0.9,5,0,92,338,70,27,4,0.58,-0.253,0.4995,0.3448
C00020,Company 0020,1246900,374070,872830,4488840,140,2.0,10,0,25,369,30,70,10,0.61,-0.24,0.3094,0.2592
C00021,Company 0021,1259245,214071,1120728,4696983,147,3.1,15,0,48,400,71,32,5,0.64,-0.227,0.4181,0.3081
C00022,Company 0022,1271590,50863,356045,4908337,154,4.2,20,0,71,431,31,75,0,0.67,-0.214,0.4426,0.3192
C00023,Company 0023,1283935,-115554,603449,5122900,161,5.3,25,0,94,462,72,37,6,0.7,-0.201,0.5517,0.3683
C00024,Company 0024,1296280,362958,855544,1451833,168,6.4,0,0,27,493,32,80,1,0.73,-0.188,0.4712,0.332
C00025,Company 0025,1308625,196293,1112331,1635781,175,7.5,5,0,50,524,73,42,7,0.76,-0.175,0.5985,0.3893
C00026,Company 0026,1320970,26419,317032,1822938,182,8.6,10,0,73,555,33,85,2,0.79,-0.162,0.487,0.3392
C00027,Company 0027,1333315,519992,573325,2013305,189,9.7,15,0,96,586,74,47,8,0.82,-0.149,0.3763,0.2893
C00028,Company 0028,1345660,349871,834309,2206882,196,10.8,20,0,29,617,34,90,3,0.85,-0.136,0.4506,0.3228
C00029,Company 0029,1358005,176540,1099984,2403668,3,11.9,25,0,52,648,75,52,9,0.88,-0.123,0.4534,0.324
C00030,Company 0030,1370350,0,274070,2603665,10,13.0,0,0,75,679,35,95,4,0.91,-0.11,0.3434,0.1745
C00031,Company 0031,1382695,511597,539251,2806870,17,14.1,5,0,98,710,76,57,10,0.94,-0.097,0.2111,0.115
C00032,Company 0032,1395040,334809,809123,3013286,24,15.2,10,0,31,741,36,100,5,0.97,-0.084,0.2906,0.1508
C00033,Company 0033,1407385,154812,1083686,3222911,31,16.3,15,0,54,772,77,62,0,1.0,-0.071,0.4087,0.2039
C00034,Company 0034,1419730,-28394,227156,3435746,38,17.4,20,0,77,803,37,24,6,0.03,-0.058,0.3878,0.1945
C00035,Company 0035,1432075,501226,501226,3651791,45,18.5,25,0,100,834,78,67,1,0.06,-0.045,0.221,0.1195
C00036,Company 0036,1444420,317772,779986,3871045,52,19.6,0,0,33,314,38,29,7,0.09,-0.032,0.3641,0.2838
C00037,Company 0037,1456765,131108,1063438,4093509,59,0.7,5,0,56,345,79,72,2,0.12,-0.019,0.3821,0.2919
C00038,Company 0038,1469110,-58764,176293,4319183,66,1.8,10,1,79,376,39,34,8,0.15,-0.006,0.4017,0.5008
C00039,Company 0039,1481455,488880,459251,4548066,73,2.9,15,0,102,407,80,77,3,0.18,0.007,0.2185,0.2183
C00040,Company 0040,1493800,298760,746900,4780160,80,4.0,20,0,35,438,40,39,9,0.21,0.02,0.3298,0.2684
C00041,Company 0041,1506145,105430,1039240,5015462,87,5.1,25,0,58,469,81,82,4,0.24,0.033,0.425,0.3113
C00042,Company 0042,1518490,-91109,1336271,5253975,94,6.2,0,0,81,500,41,44,10,0.27,0.046,0.491,0.3409
C00043,Company 0043,1530835,474558,413325,5495697,101,7.3,5,0,104,531,82,87,5,0.3,0.059,0.2001,0.21
C00044,Company 0044,1543180,277772,709862,5740629,108,8.4,10,0,37,562,42,49,0,0.33,0.072,0.3206,0.2643
C00045,Company 0045,1555525,77776,1011091,5988771,115,9.5,15,0,60,593,83,92,6,0.36,0.085,0.4135,0.3061
C00046,Company 0046,1567870,-125429,1317010,6240122,122,10.6,20,0,83,624,43,54,1,0.39,0.098,0.5375,0.3619
C00047,Company 0047,1580215,458262,363449,1754038,129,11.7,25,0,16,655,84,97,7,0.42,0.111,0.3107,0.1598
C00048,Company 0048,1592560,254809,668875,1974774,136,12.8,0,0,39,686,44,59,2,0.45,0.124,0.4105,0.2047
C00049,Company 0049,1604905,48147,978992,2198719,143,13.9,5,0,62,717,85,21,8,0.48,0.137,0.5441,0.2648
C00050,Company 0050,1617250,-161725,1293800,2425875,150,15.0,10,0,85,748,45,64,3,0.51,0.15,0.6703,0.3216
C00051,Company 0051,1629595,439990,309623,2656239,157,16.1,15,0,18,779,86,26,9,0.54,0.163,0.2945,0.1525
C00052,Company 0052,1641940,229871,623937,2889814,164,17.2,20,0,41,810,46,69,4,0.57,0.176,0.4252,0.2113
C00053,Company 0053,1654285,16542,942942,3126598,171,18.3,25,0,64,841,87,31,10,0.6,0.189,0.5505,0.2677
C00054,Company 0054,1666630,633319,1266638,3366592,178,19.4,0,0,87,321,47,74,5,0.63,0.202,0.4595,0.3268
C00055,Company 0055,1678975,419743,251846,3609796,185,0.5,5,0,20,352,88,36,0,0.66,0.215,0.2999,0.255
C00056,Company 0056,1691320,202958,575048,3856209,192,1.6,10,0,43,383,48,79,6,0.69,0.228,0.4226,0.3102
C00057,Company 0057,1703665,-17036,902942,4105832,199,2.7,15,0,66,414,89,41,1,0.72,0.241,0.5418,0.3638
C00058,Company 0058,1716010,617763,1235527,4358665,6,3.8,20,0,89,445,49,84,7,0.75,0.254,0.2742,0.2434
C00059,Company 0059,1728355,397521,190119,4614707,13,4.9,25,0,22,476,90,46,2,0.78,0.267,0.2323,0.2245
C00060,Company 0060,1740700,174070,522210,4873960,20,6.0,0,0,45,507,50,89,8,0.81,0.28,0.2896,0.2503
C00061,Company 0061,1753045,-52591,858992,5136421,27,7.1,5,0,68,538,91,51,3,0.84,0.293,0.4046,0.3021
C00062,Company 0062,1765390,600232,1200465,5402093,34,8.2,10,0,91,569,51,94,9,0.87,0.306,0.2416,0.2287
C00063,Company 0063,1777735,373324,1546629,5670974,41,9.3,15,0,24,600,92,56,4,0.9,0.319,0.3287,0.2679
C00064,Company 0064,1790080,143206,465420,5943065,48,10.4,20,0,47,631,52,99,10,0.93,0.332,0.3419,0.2739
C00065,Company 0065,1802425,-90121,811091,6218366,55,11.5,25,0,70,662,93,61,5,0.96,0.345,0.4538,0.2242
C00066,Company 0066,1814770,580726,1161452,6496876,62,12.6,0,0,93,693,53,23,0,0.99,0.358,0.2323,0.1245
C00067,Company 0067,1827115,347151,1516505,6778596,69,13.7,5,0,26,724,94,66,6,0.02,0.371,0.293,0.1518
C00068,Company 0068,1839460,110367,404681,7063526,76,14.8,10,0,49,755,54,28,1,0.05,0.384,0.3336,0.1701
C00069,Company 0069,1851805,-129626,759240,7351665,83,15.9,15,1,72,786,95,71,7,0.08,0.397,0.4267,0.412
C00070,Company 0070,1864150,559245,1118490,2050565,90,17.0,20,0,95,817,55,33,2,0.11,0.41,0.4108,0.2049
C00071,Company 0071,1876495,319004,1482431,2308088,97,18.1,25,0,28,848,96,76,8,0.14,0.423,0.5243,0.2559
C00072,Company 0072,1888840,75553,339991,2568822,104,19.2,0,0,51,328,56,38,3,0.17,0.436,0.4677,0.3305
C00073,Company 0073,1901185,-171106,703438,2832765,111,0.3,5,0,74,359,97,81,9,0.2,0.449,0.5088,0.349
C00074,Company 0074,1913530,535788,1071576,3099918,118,1.4,10,0,97,390,57,43,4,0.23,0.462,0.3549,0.2797
C00075,Company 0075,1925875,288881,1444406,3370281,125,2.5,15,0,30,421,98,86,10,0.26,0.475,0.4628,0.3283
C00076,Company 0076,1938220,38764,271350,3643853,132,3.6,20,1,53,452,58,48,5,0.29,0.488,0.4284,0.5128
C00077,Company 0077,1950565,760720,643686,3920635,139,4.7,25,0,76,483,99,91,0,0.32,-0.499,0.293,0.2519
C00078,Company 0078,1962910,510356,1020713,4200627,146,5.8,0,0,99,514,59,53,6,0.35,-0.486,0.3177,0.263
C00079,Company 0079,1975255,256783,1402431,4483828,153,6.9,5,0,32,545,100,96,1,0.38,-0.473,0.4204,0.3092
C00080,Company 0080,1987600,0,198760,4770240,160,8.0,10,0,55,576,60,58,7,0.41,-0.46,0.4191,0.3086
C00081,Company 0081,1999945,739979,579984,5059860,167,9.1,15,0,78,607,20,20,2,0.44,-0.447,0.2974,0.2538
C00082,Company 0082,2012290,482949,965899,5352691,174,10.2,20,0,101,638,61,63,8,0.47,-0.434,0.3565,0.2804
C00083,Company 0083,2024635,222709,1356505,5648731,181,11.3,25,0,34,669,21,25,3,0.5,-0.421,0.4876,0.2394
C00084,Company 0084,2036980,-40739,1751802,5947981,188,12.4,0,0,57,700,62,68,9,0.53,-0.408,0.5241,0.2558
C00085,Company 0085,2049325,717263,512331,6250441,195,13.5,5,0,80,731,22,30,4,0.56,-0.395,0.2762,0.1443
C00086,Company 0086,2061670,453567,907134,6556110,2,14.6,10,0,103,762,63,73,10,0.59,-0.382,0.2235,0.1206
C00087,Company 0087,2074015,186661,1306629,6864989,9,15.7,15,0,36,793,23,35,5,0.62,-0.369,0.3515,0.1782
C00088,Company 0088,2086360,-83454,1710815,7177078,16,16.8,20,0,59,824,64,78,0,0.65,-0.356,0.4455,0.2205
C00089,Company 0089,2098705,692572,440728,7492376,23,17.9,25,0,82,304,24,40,6,0.68,-0.343,0.299,0.2545
C00090,Company 0090,2111050,422210,844420,7810885,30,19.0,0,0,15,335,65,83,1,0.71,-0.33,0.3155,0.262
C00091,Company 0091,2123395,148637,1252803,8132602,37,0.1,5,0,38,366,25,45,7,0.74,-0.317,0.361,0.2824
C00092,Company 0092,2135740,-128144,1665877,8457530,44,1.2,10,0,61,397,66,88,2,0.77,-0.304,0.453,0.3238
C00093,Company 0093,2148085,665906,365174,2341412,51,2.3,15,0,84,428,26,50,8,0.8,-0.291,0.2497,0.2324
C00094,Company 0094,2160430,388877,777754,2635724,58,3.4,20,0,17,459,67,93,3,0.83,-0.278,0.3741,0.2883
C00095,Company 0095,2172775,108638,1195026,2933246,65,4.5,25,0,40,490,27,55,9,0.86,-0.265,0.5262,0.3568
C00096,Company 0096,2185120,-174809,1616988,3233977,72,5.6,0,0,63,521,68,98,4,0.89,-0.252,0.578,0.3801
C00097,Company 0097,2197465,637264,285670,3537918,79,6.7,5,0,86,552,28,60,10,0.92,-0.239,0.2175,0.2179
C00098,Company 0098,2209810,353569,707139,3845069,86,7.8,10,0,19,583,69,22,5,0.95,-0.226,0.3497,0.2774
C00099,Company 0099,2222155,66664,1133299,4155429,93,8.9,15,0,42,614,29,65,0,0.98,-0.213,0.4762,0.3343
C00100,Company 0100,2234500,-223450,1564150,4469000,100,10.0,20,1,65,645,70,27,6,0.01,-0.2,0.5781,0.5801
C00101,Company 0101,2246845,606648,1999692,4785779,107,11.1,25,0,88,676,30,70,1,0.04,-0.187,0.3962,0.1983
C00102,Company 0102,2259190,316286,632573,5105769,114,12.2,0,0,21,707,71,32,7,0.07,-0.174,0.3096,0.1593
C00103,Company 0103,2271535,22715,1067621,5428968,121,13.3,5,0,44,738,31,75,2,0.1,-0.161,0.4296,0.2133
C00104,Company 0104,2283880,867874,1507360,5755377,128,14.4,10,0,67,769,72,37,8,0.13,-0.148,0.2947,0.1526
C00105,Company 0105,2296225,574056,1951791,6084996,135,15.5,15,0,90,800,32,80,3,0.16,-0.135,0.3612,0.1825
C00106,Company 0106,2308570,277028,554056,6417824,142,16.6,20,0,23,831,73,42,9,0.19,-0.122,0.3584,0.1813
C00107,Company 0107,2320915,-23209,997993,6753862,149,17.7,25,1,46,311,33,85,4,0.22,-0.109,0.5741,0.5783
C00108,Company 0108,2333260,839973,1446621,7093110,156,18.8,0,0,69,342,74,47,10,0.25,-0.096,0.3635,0.2836
C00109,Company 0109,2345605,539489,1899940,7435567,163,19.9,5,0,92,373,34,90,5,0.28,-0.083,0.4391,0.3176
C00110,Company 0110,2357950,235795,471590,7781235,170,1.0,10,0,25,404,75,52,0,0.31,-0.07,0.3721,0.2874
C00111,Company 0111,2370295,-71108,924415,8130111,177,2.1,15,0,48,435,35,95,6,0.34,-0.057,0.4843,0.3379
C00112,Company 0112,2382640,810097,1381931,8482198,184,3.2,20,0,71,466,76,57,1,0.37,-0.044,0.319,0.2636
C00113,Company 0113,2394985,502946,1844138,8837494,191,4.3,25,0,94,497,36,100,7,0.4,-0.031,0.4043,0.3019
C00114,Company 0114,2407330,192586,385172,9196000,198,5.4,0,0,27,528,77,62,2,0.43,-0.018,0.3685,0.2858
C00115,Company 0115,2419675,-120983,846886,9557716,5,6.5,5,0,50,559,37,24,8,0.46,-0.005,0.3744,0.2885
C00116,Company 0116,2432020,778246,1313290,2626581,12,7.6,10,0,73,590,78,67,3,0.49,0.008,0.3257,0.2666
C00117,Company 0117,2444365,464429,1784386,2957681,19,8.7,15,0,96,621,38,29,9,0.52,0.021,0.4622,0.328
C00118,Company 0118,2456710,147402,294805,3291991,26,9.8,20,0,29,652,79,72,4,0.55,0.034,0.3314,0.1691
C00119,Company 0119,2469055,-172833,765407,3629510,33,10.9,25,0,52,683,39,34,10,0.58,0.047,0.4871,0.2392
C00120,Company 0120,2481400,744420,1240700,3970240,40,12.0,0,0,75,714,80,77,5,0.61,0.06,0.2425,0.1291
C00121,Company 0121,2493745,423936,1720684,4314178,47,13.1,5,0,98,745,40,39,0,0.64,0.073,0.3842,0.1929
C00122,Company 0122,2506090,100243,2205359,4661327,54,14.2,10,0,31,776,81,82,6,0.67,0.086,0.4887,0.2399
C00123,Company 0123,2518435,-226659,679977,5011685,61,15.3,15,0,54,807,41,44,1,0.7,0.099,0.4609,0.2274
C00124,Company 0124,2530780,708618,1164158,5365253,68,16.4,20,0,77,838,82,87,7,0.73,0.112,0.2682,0.1407
C00125,Company 0125,2543125,381468,1653031,5722031,75,17.5,25,0,100,318,42,49,2,0.76,0.125,0.5043,0.3469
C00126,Company 0126,2555470,51109,2146594,6082018,82,18.6,0,0,33,349,83,92,8,0.79,0.138,0.5447,0.3651
C00127,Company 0127,2567815,1001447,590597,6445215,89,19.7,5,0,56,380,43,54,3,0.82,0.151,0.3013,0.2556
C00128,Company 0128,2580160,670841,1083667,6811622,96,0.8,10,0,79,411,84,97,9,0.85,0.164,0.2691,0.2411
C00129,Company 0129,2592505,337025,1581428,7181238,103,1.9,15,0,102,442,44,59,4,0.88,0.177,0.4007,0.3003
C00130,Company 0130,2604850,0,2083879,7554065,110,3.0,20,0,35,473,85,21,10,0.91,0.19,0.5139,0.3513
C00131,Company 0131,2617195,968362,497267,7930100,117,4.1,25,0,58,504,45,64,5,0.94,0.203,0.2616,0.2377
C00132,Company 0132,2629540,631089,999225,8309346,124,5.2,0,0,81,535,86,26,0,0.97,0.216,0.2736,0.2431
C00133,Company 0133,2641885,290607,1505874,8691801,131,6.3,5,0,104,566,46,69,6,1.0,0.229,0.3857,0.2936
C00134,Company 0134,2654230,-53084,2017214,9077466,138,7.4,10,0,37,597,87,31,1,0.03,0.242,0.4763,0.3343
C00135,Company 0135,2666575,933301,399986,9466341,145,8.5,15,0,60,628,47,74,7,0.06,0.255,0.2253,0.2214
C00136,Company 0136,2678920,589362,910832,9858425,152,9.6,20,0,83,659,88,36,2,0.09,0.268,0.3063,0.1578
C00137,Company 0137,2691265,242213,1426370,10253719,159,10.7,25,0,16,690,48,79,8,0.12,0.281,0.4159,0.2072
C00138,Company 0138,2703610,-108144,1946599,10652223,166,11.8,0,1,39,721,89,41,3,0.15,0.294,0.4644,0.429
C00139,Company 0139,2715955,896265,298755,2906071,173,12.9,5,0,62,752,49,84,9,0.18,0.307,0.2413,0.1286
C00140,Company 0140,2728300,545660,818490,3273960,180,14.0,10,0,85,783,90,46,4,0.21,0.32,0.3732,0.1879
C00141,Company 0141,2740645,191845,1342916,3645057,187,15.1,15,0,18,814,50,89,10,0.24,0.333,0.5115,0.2502
C00142,Company 0142,2752990,-165179,1872033,4019365,194,16.2,20,0,41,845,91,51,5,0.27,0.346,0.6414,0.3086
C00143,Company 0143,2765335,857253,2405841,4396882,1,17.3,25,0,64,325,51,94,0,0.3,0.359,0.4511,0.323
C00144,Company 0144,2777680,499982,722196,4777609,8,18.4,0,0,87,356,92,56,6,0.33,0.372,0.3177,0.263
C00145,Company 0145,2790025,139501,1255511,5161546,15,19.5,5,0,20,387,52,99,1,0.36,0.385,0.4455,0.3205
C00146,Company 0146,2802370,-224189,1793516,5548692,22,0.6,10,0,43,418,93,61,7,0.39,0.398,0.4884,0.3398
C00147,Company 0147,2814715,816267,2336213,5939048,29,1.7,15,0,66,449,53,23,2,0.42,0.411,0.3237,0.2657
C00148,Company 0148,2827060,452329,621953,6332614,36,2.8,20,0,89,480,94,66,8,0.45,0.424,0.2804,0.2462
C00149,Company 0149,2839405,85182,1164156,6729389,43,3.9,25,0,22,511,54,28,3,0.48,0.437,0.4174,0.3078
C00150,Company 0150,2851750,-285175,1711050,7129375,50,5.0,0,0,45,542,95,71,9,0.51,0.45,0.459,0.3266
C00151,Company 0151,2864095,773305,2262635,7532569,57,6.1,5,0,68,573,55,33,4,0.54,0.463,0.2903,0.2506
C00152,Company 0152,2876440,402701,517759,7938974,64,7.2,10,0,91,604,96,76,10,0.57,0.476,0.271,0.242
C00153,Company 0153,2888785,28887,1068850,8348588,71,8.3,15,0,24,635,56,38,5,0.6,0.489,0.4033,0.3015
C00154,Company 0154,2901130,1102429,1624632,8761412,78,9.4,20,0,47,666,97,81,0,0.63,-0.498,0.249,0.1321
C00155,Company 0155,2913475,728368,2185106,9177446,85,10.5,25,0,70,697,57,43,6,0.66,-0.485,0.3293,0.1682
C00156,Company 0156,2925820,351098,409614,9596689,92,11.6,0,0,93,728,98,86,1,0.69,-0.472,0.2659,0.1397
C00157,Company 0157,2938165,-29381,969594,10019142,99,12.7,5,0,26,759,58,48,7,0.72,-0.459,0.3947,0.1976
C00158,Company 0158,2950510,1062183,1534265,10444805,106,13.8,10,0,49,790,99,91,2,0.75,-0.446,0.2255,0.1215
C00159,Company 0159,2962855,681456,2103627,10873677,113,14.9,15,0,72,821,59,53,8,0.78,-0.433,0.3153,0.1619
C00160,Company 0160,2975200,297520,297520,11305760,120,16.0,20,0,95,301,100,96,3,0.81,-0.42,0.4233,0.3105
C00161,Company 0161,2987545,-89626,866388,11741051,127,17.1,25,0,28,332,60,58,9,0.84,-0.407,0.5495,0.3673
C00162,Company 0162,2999890,1019962,1439947,3179883,134,18.2,0,0,51,363,20,20,4,0.87,-0.394,0.4723,0.3325
C00163,Company 0163,3012235,632569,2018197,3584559,141,19.3,5,0,74,394,61,63,10,0.9,-0.381,0.5671,0.3752
C00164,Company 0164,3024580,241966,2601138,3992445,148,0.4,10,0,97,425,21,25,5,0.93,-0.368,0.6297,0.4034
C00165,Company 0165,3036925,-151846,759231,4403541,155,1.5,15,0,30,456,62,68,0,0.96,-0.355,0.5128,0.3508
C00166,Company 0166,3049270,975766,1341678,4817846,162,2.6,20,0,53,487,22,30,6,0.99,-0.342,0.3744,0.2885
C00167,Company 0167,3061615,581706,1928817,5235361,169,3.7,25,0,76,518,63,73,1,0.02,-0.329,0.4531,0.3239
C00168,Company 0168,3073960,184437,2520647,5656086,176,4.8,0,0,99,549,23,35,7,0.05,-0.316,0.5312,0.359
C00169,Company 0169,3086305,-216041,648124,6080020,183,5.9,5,1,32,580,64,78,2,0.08,-0.303,0.4703,0.5316
C00170,Company 0170,3098650,929595,1239460,6507165,190,7.0,10,0,55,611,24,40,8,0.11,-0.29,0.311,0.26
C00171,Company 0171,3110995,528869,1835487,6937518,197,8.1,15,0,78,642,65,83,3,0.14,-0.277,0.4154,0.3069
C00172,Company 0172,3123340,124933,2436205,7371082,4,9.2,20,0,101,673,25,45,9,0.17,-0.264,0.429,0.213
C00173,Company 0173,3135685,-282211,533066,7807855,11,10.3,25,0,34,704,66,88,4,0.2,-0.251,0.3989,0.1995
C00174,Company 0174,3148030,881448,1133290,8247838,18,11.4,0,0,57,735,26,50,10,0.23,-0.238,0.1737,0.0982
C00175,Company 0175,3160375,474056,1738206,8691031,25,12.5,5,0,80,766,67,93,5,0.26,-0.225,0.2735,0.1431
C00176,Company 0176,3172720,63454,2347812,9137433,32,13.6,10,1,103,797,27,55,0,0.29,-0.212,0.4034,0.4015
C00177,Company 0177,3185065,1242175,414058,9587045,39,14.7,15,0,36,828,68,98,6,0.32,-0.199,0.1467,0.086
C00178,Company 0178,3197410,831326,1023171,10039867,46,15.8,20,0,59,308,28,60,1,0.35,-0.186,0.3235,0.2656
C00179,Company 0179,3209755,417268,1636975,10495898,53,16.9,25,0,82,339,69,22,7,0.38,-0.173,0.4361,0.3162
C00180,Company 0180,3222100,0,2255470,10955140,60,18.0,0,0,15,370,29,65,2,0.41,-0.16,0.487,0.3392
C00181,Company 0181,3234445,1196744,2878656,11417590,67,19.1,5,0,38,401,70,27,8,0.44,-0.147,0.3385,0.2723
C00182,Company 0182,3246790,779229,909101,11883251,74,0.2,10,0,61,432,30,70,3,0.47,-0.134,0.2372,0.2267
C00183,Company 0183,3259135,358504,1531793,12352121,81,1.3,15,0,84,463,71,32,9,0.5,-0.121,0.3472,0.2762
C00184,Company 0184,3271480,-65429,2159176,12824201,88,2.4,20,0,17,494,31,75,4,0.53,-0.108,0.4559,0.3252
C00185,Company 0185,3283825,1149338,2791251,3448016,95,3.5,25,0,40,525,72,37,10,0.56,-0.095,0.5333,0.36
C00186,Company 0186,3296170,725157,791080,3889480,102,4.6,0,0,63,556,32,80,5,0.59,-0.082,0.2918,0.2513
C00187,Company 0187,3308515,297766,1422661,4334154,109,5.7,5,0,86,587,73,42,0,0.62,-0.069,0.4327,0.3147
C00188,Company 0188,3320860,-132834,2058933,4782038,116,6.8,10,0,19,618,33,85,6,0.65,-0.056,0.5646,0.3741
C00189,Company 0189,3333205,1099957,2699896,5233131,123,7.9,15,0,42,649,74,47,1,0.68,-0.043,0.4077,0.3035
C00190,Company 0190,3345550,669110,669110,5687435,130,9.0,20,0,65,680,34,90,7,0.71,-0.03,0.3214,0.1646
C00191,Company 0191,3357895,235052,1309579,6144947,137,10.1,25,0,88,711,75,52,2,0.74,-0.017,0.4505,0.2227
C00192,Company 0192,3370240,-202214,1954739,6605670,144,11.2,0,0,21,742,35,95,8,0.77,-0.004,0.5146,0.2516
C00193,Company 0193,3382585,1048601,2604590,7069602,151,12.3,5,0,44,773,76,57,3,0.8,0.009,0.3406,0.1733
C00194,Company 0194,3394930,611087,543188,7536744,158,13.4,10,0,67,804,36,100,9,0.83,0.022,0.307,0.1581
C00195,Company 0195,3407275,170363,1192546,8007096,165,14.5,15,0,90,835,77,62,4,0.86,0.035,0.4287,0.2129
C00196,Company 0196,3419620,-273569,1846594,8480657,172,15.6,20,0,23,315,37,24,10,0.89,0.048,0.6636,0.4186
C00197,Company 0197,3431965,995269,2505334,8957428,179,16.7,25,0,46,346,78,67,5,0.92,0.061,0.4631,0.3284
C00198,Company 0198,3444310,551089,413317,9437409,186,17.8,0,0,69,377,38,29,0,0.95,0.074,0.4159,0.3072
C00199,Company 0199,3456655,103699,1071563,9920599,193,18.9,5,0,92,408,79,72,6,0.98,0.087,0.5164,0.3524
C00200,Company 0200,3469000,-346900,1734500,10407000,0,0.0,10,1,25,439,39,34,1,0.01,0.1,0.427,0.5121
C00201,Company 0201,3481345,939963,2402128,10896609,7,1.1,15,0,48,470,80,77,7,0.04,0.113,0.2233,0.2205
C00202,Company 0202,3493690,489116,3074447,11389429,14,2.2,20,0,71,501,40,39,2,0.07,0.126,0.3502,0.2776
C00203,Company 0203,3506035,35060,946629,11885458,21,3.3,25,0,94,532,81,82,8,0.1,0.139,0.3489,0.277
C00204,Company 0204,3518380,1336984,1618454,12384697,28,4.4,0,0,27,563,41,44,3,0.13,0.152,0.1645,0.194
C00205,Company 0205,3530725,882681,2294971,12887146,35,5.5,5,0,50,594,82,87,9,0.16,0.165,0.2102,0.2146
C00206,Company 0206,3543070,425168,2976178,13392804,42,6.6,10,0,73,625,42,49,4,0.19,0.178,0.335,0.2708
C00207,Company 0207,3555415,-35554,817745,13901672,49,7.7,15,1,96,656,83,92,10,0.22,0.191,0.3444,0.375
C00208,Company 0208,3567760,1284393,1498459,3710470,56,8.8,20,0,29,687,43,54,5,0.25,0.204,0.3256,0.1665
C00209,Company 0209,3580105,823424,2183864,4188722,63,9.9,25,0,52,718,84,97,0,0.28,0.217,0.4113,0.2051
C00210,Company 0210,3592450,359245,2873959,4670185,70,11.0,0,0,75,749,44,59,6,0.31,0.23,0.4961,0.2432
C00211,Company 0211,3604795,-108143,684911,5154856,77,12.1,5,0,98,780,85,21,1,0.34,0.243,0.3941,0.1973
C00212,Company 0212,3617140,1229827,1374513,5642738,84,13.2,10,0,31,811,45,64,7,0.37,0.256,0.2533,0.134
C00213,Company 0213,3629485,762191,2068806,6133829,91,14.3,15,0,54,842,86,26,2,0.4,0.269,0.3578,0.181
C00214,Company 0214,3641830,291346,2767790,6628130,98,15.4,20,0,77,322,46,69,8,0.43,0.282,0.581,0.3815
C00215,Company 0215,3654175,-182708,548126,7125641,105,16.5,25,0,100,353,87,31,3,0.46,0.295,0.5357,0.3611
C00216,Company 0216,3666520,1173286,1246616,7626361,112,17.6,0,0,33,384,47,74,9,0.49,0.308,0.3133,0.261
C00217,Company 0217,3678865,698984,1949798,8130291,119,18.7,5,0,56,415,88,36,4,0.52,0.321,0.4228,0.3103
C00218,Company 0218,3691210,221472,2657671,8637431,126,19.8,10,0,79,446,48,79,10,0.55,0.334,0.5409,0.3634
C00219,Company 0219,3703555,-259248,407391,9147780,133,0.9,15,0,102,477,89,41,5,0.58,0.347,0.4466,0.321
C00220,Company 0220,3715900,1114770,1114770,9661340,140,2.0,20,0,35,508,49,84,0,0.61,0.36,0.2659,0.2397
C00221,Company 0221,3728245,633801,1826840,10178108,147,3.1,25,0,58,539,90,46,6,0.64,0.373,0.3825,0.2921
C00222,Company 0222,3740590,149623,2543601,10698087,154,4.2,0,0,81,570,50,89,1,0.67,0.386,0.4368,0.3166
C00223,Company 0223,3752935,-337764,3265053,11221275,161,5.3,5,0,104,601,91,51,7,0.7,0.399,0.5491,0.3671
C00224,Company 0224,3765280,1054278,978972,11747673,168,6.4,10,0,37,632,51,94,2,0.73,0.412,0.257,0.2356
C00225,Company 0225,3777625,566643,1699931,12277281,175,7.5,15,0,60,663,92,56,8,0.76,0.425,0.37,0.1865
C00226,Company 0226,3789970,75799,2425580,12810098,182,8.6,20,0,83,694,52,99,3,0.79,0.438,0.4813,0.2366
C00227,Company 0227,3802315,1482902,3155921,13346125,189,9.7,25,0,16,725,93,61,9,0.82,0.451,0.3451,0.1753
C00228,Company 0228,3814660,991811,839225,13885362,196,10.8,0,0,39,756,53,23,4,0.85,0.464,0.2679,0.1406
C00229,Company 0229,3827005,497510,1569072,14427808,3,11.9,5,0,62,787,94,66,10,0.88,0.477,0.242,0.1289
C00230,Company 0230,3839350,0,2303610,14973465,10,13.0,10,0,85,818,54,28,5,0.91,0.49,0.3672,0.1852
C00231,Company 0231,3851695,1425127,3042839,3967245,17,14.1,15,0,18,849,95,71,0,0.94,-0.497,0.4292,0.2131
C00232,Company 0232,3864040,927369,695527,4482286,24,15.2,20,0,41,329,55,33,6,0.97,-0.484,0.3498,0.2774
C00233,Company 0233,3876385,426402,1434262,5000536,31,16.3,25,0,64,360,96,76,1,1.0,-0.471,0.4772,0.3347
C00234,Company 0234,3888730,-77774,2177688,5521996,38,17.4,0,0,87,391,56,38,7,0.03,-0.458,0.5474,0.3663
C00235,Company 0235,3901075,1365376,2925806,6046666,45,18.5,5,0,20,422,97,81,2,0.06,-0.445,0.388,0.2946
C00236,Company 0236,3913420,860952,547878,6574545,52,19.6,10,0,43,453,57,43,8,0.09,-0.432,0.3049,0.2572
C00237,Company 0237,3925765,353318,1295502,7105634,59,0.7,15,0,66,484,98,86,3,0.12,-0.419,0.3393,0.2727
C00238,Company 0238,3938110,-157524,2047817,7639933,66,1.8,20,1,89,515,58,48,9,0.15,-0.406,0.4807,0.5363
C00239,Company 0239,3950455,1303650,2804823,8177441,73,2.9,25,0,22,546,99,91,4,0.18,-0.393,0.3035,0.2566
C00240,Company 0240,3962800,792560,396280,8718160,80,4.0,0,0,45,577,59,53,10,0.21,-0.38,0.2136,0.2161
C00241,Company 0241,3975145,278260,1152792,9262087,87,5.1,5,0,68,608,100,96,5,0.24,-0.367,0.32,0.264
C00242,Company 0242,3987490,-239249,1913995,9809225,94,6.2,10,0,91,639,60,58,0,0.27,-0.354,0.4554,0.3249
C00243,Company 0243,3999835,1239948,2679889,10359572,101,7.3,15,0,24,670,20,20,6,0.3,-0.341,0.294,0.1523
C00244,Company 0244,4012180,722192,3450474,10913129,108,8.4,20,0,47,701,61,63,1,0.33,-0.328,0.3858,0.1936
C00245,Company 0245,4024525,201226,1006131,11469896,115,9.5,25,0,70,732,21,25,7,0.36,-0.315,0.4015,0.2007
C00246,Company 0246,4036870,-322949,1776222,12029872,122,10.6,0,0,93,763,62,68,2,0.39,-0.302,0.4403,0.2181
C00247,Company 0247,4049215,1174272,2551005,12593058,129,11.7,5,0,26,794,22,30,8,0.42,-0.289,0.2694,0.1412
C00248,Company 0248,4061560,649849,3330479,13159454,136,12.8,10,0,49,825,63,73,3,0.45,-0.276,0.3644,0.184
C00249,Company 0249,4073905,122217,855520,13729059,143,13.9,15,0,72,305,23,35,9,0.48,-0.263,0.4954,0.3429
C00250,Company 0250,4086250,-408625,1634500,14301875,150,15.0,20,0,95,336,64,78,4,0.51,-0.25,0.591,0.386
C00251,Company 0251,4098595,1106620,2418171,14877899,157,16.1,25,0,28,367,24,40,10,0.54,-0.237,0.4174,0.3078
C00252,Company 0252,4110940,575531,3206533,15457134,164,17.2,0,0,51,398,65,83,5,0.57,-0.224,0.4502,0.3226
C00253,Company 0253,4123285,41232,700958,16039578,171,18.3,5,0,74,429,25,45,0,0.6,-0.211,0.4918,0.3413
C00254,Company 0254,4135630,1571539,1488826,4218342,178,19.4,10,0,97,460,66,88,6,0.63,-0.198,0.4383,0.3172
C00255,Company 0255,4147975,1036993,2281386,4770171,185,0.5,15,0,30,491,26,50,1,0.66,-0.185,0.4676,0.3304
C00256,Company 0256,4160320,499238,3078636,5325209,192,1.6,20,0,53,522,67,93,7,0.69,-0.172,0.5823,0.382
C00257,Company 0257,4172665,-41726,542446,5883457,199,2.7,25,0,76,553,27,55,2,0.72,-0.159,0.4951,0.3428
C00258,Company 0258,4185010,1506603,1339203,6444915,6,3.8,0,0,99,584,68,98,8,0.75,-0.146,0.1721,0.1974
C00259,Company 0259,4197355,965391,2140651,7009582,13,4.9,5,0,32,615,28,60,3,0.78,-0.133,0.2823,0.247
C00260,Company 0260,4209700,420970,2946790,7577460,20,6.0,10,0,55,646,69,22,9,0.81,-0.12,0.4066,0.303
C00261,Company 0261,4222045,-126661,3757620,8148546,27,7.1,15,0,78,677,29,65,4,0.84,-0.107,0.5265,0.2569
C00262,Company 0262,4234390,1439692,1185629,8722843,34,8.2,20,0,101,708,70,27,10,0.87,-0.094,0.2114,0.1151
C00263,Company 0263,4246735,891814,1995965,9300349,41,9.3,25,0,34,739,30,70,5,0.9,-0.081,0.3098,0.1594
C00264,Company 0264,4259080,340726,2810992,9881065,48,10.4,0,0,57,770,71,32,0,0.93,-0.068,0.3687,0.1859
C00265,Company 0265,4271425,-213571,3630711,10464991,55,11.5,5,0,80,801,31,75,6,0.96,-0.055,0.4847,0.2381
C00266,Company 0266,4283770,1370806,1028104,11052126,62,12.6,10,0,103,832,72,37,1,0.99,-0.042,0.1861,0.1037
C00267,Company 0267,4296115,816261,1847329,11642471,69,13.7,15,0,36,312,32,80,7,0.02,-0.029,0.3715,0.2872
C00268,Company 0268,4308460,258507,2671245,12236026,76,14.8,20,0,59,343,73,42,2,0.05,-0.016,0.4863,0.3388
C00269,Company 0269,4320805,-302456,3499852,12832790,83,15.9,25,1,82,374,33,85,8,0.08,-0.003,0.599,0.5896
C00270,Company 0270,4333150,1299945,866630,13432765,90,17.0,0,0,15,405,74,47,3,0.11,0.01,0.2467,0.231
C00271,Company 0271,4345495,738734,1694743,14035948,97,18.1,5,0,38,436,34,90,9,0.14,0.023,0.3602,0.2821
C00272,Company 0272,4357840,174313,2527547,14642342,104,19.2,10,0,61,467,75,52,4,0.17,0.036,0.4719,0.3324
C00273,Company 0273,4370185,-393316,3365042,15251945,111,0.3,15,0,84,498,35,95,10,0.2,0.049,0.5021,0.3459
C00274,Company 0274,4382530,1227108,701204,15864758,118,1.4,20,0,17,529,76,57,5,0.23,0.062,0.2224,0.2201
C00275,Company 0275,4394875,659231,1538206,16480781,125,2.5,25,0,40,560,36,100,0,0.26,0.075,0.3331,0.2699
C00276,Company 0276,4407220,88144,2379898,17100013,132,3.6,0,1,63,591,77,62,6,0.29,0.088,0.3824,0.4921
C00277,Company 0277,4419565,1723630,3226282,4463760,139,4.7,5,0,86,622,37,24,1,0.32,0.101,0.477,0.3347
C00278,Company 0278,4431910,1152296,531829,5052377,146,5.8,10,0,19,653,78,67,7,0.35,0.114,0.2507,0.1328
C00279,Company 0279,4444255,577753,1377719,5644203,153,6.9,15,0,42,684,38,29,2,0.38,0.127,0.4134,0.206
C00280,Company 0280,4456600,0,2228300,6239240,160,8.0,20,0,65,715,79,72,8,0.41,0.14,0.5334,0.26
C00281,Company 0281,4468945,1653509,3083572,6837485,167,9.1,25,0,88,746,39,34,3,0.44,0.153,0.4201,0.209
C00282,Company 0282,4481290,1075509,3943535,7438941,174,10.2,0,0,21,777,80,77,9,0.47,0.166,0.4245,0.211
C00283,Company 0283,4493635,494299,1213281,8043606,181,11.3,5,0,44,808,40,39,4,0.5,0.179,0.38,0.191
C00284,Company 0284,4505980,-90119,2072750,8651481,188,12.4,10,0,67,839,81,82,10,0.53,0.192,0.4902,0.2406
C00285,Company 0285,4518325,1581413,2936911,9262566,195,13.5,15,0,90,319,41,44,5,0.56,0.205,0.4586,0.3264
C00286,Company 0286,4530670,996747,3805762,9876860,2,14.6,20,0,23,350,82,87,0,0.59,0.218,0.4106,0.3048
C00287,Company 0287,4543015,408871,1044893,10494364,9,15.7,25,0,46,381,42,49,6,0.62,0.231,0.4035,0.3016
C00288,Company 0288,4555360,-182214,1913251,11115078,16,16.8,0,0,69,412,83,92,1,0.65,0.244,0.4473,0.3213
C00289,Company 0289,4567705,1507342,2786300,11739001,23,17.9,5,0,92,443,43,54,7,0.68,0.257,0.2985,0.2543
C00290,Company 0290,4580050,916010,3664039,12366135,30,19.0,10,0,25,474,84,97,2,0.71,0.27,0.3789,0.2905
C00291,Company 0291,4592395,321467,872555,12996477,37,0.1,15,0,48,505,44,59,8,0.74,0.283,0.3144,0.2615
C00292,Company 0292,4604740,-276284,1749801,13630030,44,1.2,20,0,71,536,85,21,3,0.77,0.296,0.4298,0.3134
C00293,Company 0293,4617085,1431296,2631738,14266792,51,2.3,25,0,94,567,45,64,9,0.8,0.309,0.2492,0.2321
C00294,Company 0294,4629430,833297,3518366,14906764,58,3.4,0,0,27,598,86,26,4,0.83,0.322,0.2948,0.2527
C00295,Company 0295,4641775,232088,696266,15549946,65,4.5,5,0,50,629,46,69,10,0.86,0.335,0.3093,0.2592
C00296,Company 0296,4654120,-372329,1582400,16196337,72,5.6,10,0,73,660,87,31,5,0.89,0.348,0.4214,0.2096
C00297,Company 0297,4666465,1353274,2473226,16845938,79,6.7,15,0,96,691,47,74,0,0.92,0.361,0.232,0.1244
C00298,Company 0298,4678810,748609,3368743,17498749,86,7.8,20,0,29,722,88,36,6,0.95,0.374,0.3413,0.1736
C00299,Company 0299,4691155,140734,516027,18154769,93,8.9,25,0,52,753,48,79,1,0.98,0.387,0.3666,0.185
C00300,Company 0300,4703500,-470350,1411050,4703500,100,10.0,0,1,75,784,89,41,7,0.01,0.4,0.4862,0.4388
C00301,Company 0301,4715845,1273278,2310764,5328904,107,11.1,5,0,98,815,49,84,2,0.04,0.413,0.3306,0.1688
C00302,Company 0302,4728190,661946,3215169,5957519,114,12.2,10,0,31,846,90,46,8,0.07,0.426,0.464,0.2288
C00303,Company 0303,4740535,47405,4124265,6589343,121,13.3,15,0,54,326,50,89,3,0.1,0.439,0.6896,0.4303
C00304,Company 0304,4752880,1806094,1235748,7224377,128,14.4,20,0,77,357,91,51,9,0.13,0.452,0.3467,0.276
C00305,Company 0305,4765225,1191306,2144351,7862621,135,15.5,25,0,100,388,51,94,4,0.16,0.465,0.4303,0.3136
C00306,Company 0306,4777570,573308,3057644,8504074,142,16.6,0,0,33,419,92,56,10,0.19,0.478,0.496,0.3432
C00307,Company 0307,4789915,-47899,3975629,9148737,149,17.7,5,1,56,450,52,99,5,0.22,0.491,0.6169,0.5976
C00308,Company 0308,4802260,1728813,1056497,9796610,156,18.8,10,0,79,481,93,61,0,0.25,-0.496,0.3132,0.2609
C00309,Company 0309,4814605,1107359,1973988,10447692,163,19.9,15,0,102,512,53,23,6,0.28,-0.483,0.4168,0.3076
C00310,Company 0310,4826950,482695,2896170,11101985,170,1.0,20,0,35,543,94,66,1,0.31,-0.47,0.4404,0.3182
C00311,Company 0311,4839295,-145178,3823043,11759486,177,2.1,25,0,58,574,54,28,7,0.34,-0.457,0.5732,0.3779
C00312,Company 0312,4851640,1649557,873295,12420198,184,3.2,0,0,81,605,95,71,2,0.37,-0.444,0.2101,0.2145
C00313,Company 0313,4863985,1021436,1799674,13084119,191,4.3,5,0,104,636,55,33,8,0.4,-0.431,0.3201,0.264
C00314,Company 0314,4876330,390106,2730744,13751250,198,5.4,10,0,37,667,96,76,3,0.43,-0.418,0.4193,0.2087
C00315,Company 0315,4888675,-244433,3666506,14421591,5,6.5,15,0,60,698,56,38,9,0.46,-0.405,0.4287,0.2129
C00316,Company 0316,4901020,1568326,686142,15095141,12,7.6,20,0,83,729,97,81,4,0.49,-0.392,0.132,0.0794
C00317,Company 0317,4913365,933539,1621410,15771901,19,8.7,25,0,16,760,57,43,10,0.52,-0.379,0.2501,0.1325
C00318,Company 0318,4925710,295542,2561369,16451871,26,9.8,0,0,39,791,98,86,5,0.55,-0.366,0.286,0.1487
C00319,Company 0319,4938055,-345663,3506019,17135050,33,10.9,5,0,62,822,58,48,0,0.58,-0.353,0.4127,0.2057
C00320,Company 0320,4950400,1485120,495040,17821440,40,12.0,10,0,85,302,99,91,6,0.61,-0.34,0.2169,0.2176
C00321,Company 0321,4962745,843666,1439196,18511038,47,13.1,15,0,18,333,59,53,1,0.64,-0.327,0.3441,0.2748
C00322,Company 0322,4975090,199003,2388043,19203847,54,14.2,20,0,41,364,100,96,7,0.67,-0.314,0.4375,0.3169
C00323,Company 0323,4987435,-448869,3341581,19899865,61,15.3,25,0,64,395,60,58,2,0.7,-0.301,0.5621,0.3729
C00324,Company 0324,4999780,1399938,4299810,5599753,68,16.4,0,0,87,426,20,20,8,0.73,-0.288,0.5492,0.3671
C00325,Company 0325,5012125,751818,1253031,6265156,75,17.5,5,0,20,457,61,63,3,0.76,-0.275,0.3969,0.2986
C00326,Company 0326,5024470,100489,2210766,6933768,82,18.6,10,0,43,488,21,25,9,0.79,-0.262,0.5516,0.3682
C00327,Company 0327,5036815,1964357,3173193,7605590,89,19.7,15,0,66,519,62,68,4,0.82,-0.249,0.4197,0.3089
C00328,Company 0328,5049160,1312781,4140311,8280622,96,0.8,20,0,89,550,22,30,10,0.85,-0.236,0.4259,0.3117
C00329,Company 0329,5061505,657995,1062916,8958863,103,1.9,25,0,22,581,63,73,5,0.88,-0.223,0.3482,0.2767
C00330,Company 0330,5073850,0,2029540,9640315,110,3.0,0,0,45,612,23,35,0,0.91,-0.21,0.4321,0.3144
C00331,Company 0331,5086195,1881892,3000855,10324975,117,4.1,5,0,68,643,64,78,6,0.94,-0.197,0.2809,0.2464
C00332,Company 0332,5098540,1223649,3976861,11012846,124,5.2,10,0,91,674,24,40,1,0.97,-0.184,0.3742,0.1884
C00333,Company 0333,5110885,562197,868850,11703926,131,6.3,15,0,24,705,65,83,7,1.0,-0.171,0.3343,0.1704
C00334,Company 0334,5123230,-102464,1844362,12398216,138,7.4,20,0,47,736,25,45,2,0.03,-0.158,0.4512,0.223
C00335,Company 0335,5135575,1797451,2824566,13095716,145,8.5,25,0,70,767,66,88,8,0.06,-0.145,0.2828,0.1473
C00336,Company 0336,5147920,1132542,3809460,13796425,152,9.6,0,0,93,798,26,50,3,0.09,-0.132,0.3241,0.1658
C00337,Company 0337,5160265,464423,670834,14500344,159,10.7,5,0,26,829,67,93,9,0.12,-0.119,0.3069,0.1581
C00338,Company 0338,5172610,-206904,1655235,15207473,166,11.8,10,1,49,309,27,55,4,0.15,-0.106,0.5393,0.5627
C00339,Company 0339,5184955,1711035,2644327,15917811,173,12.9,15,0,72,340,68,98,10,0.18,-0.093,0.355,0.2797
C00340,Company 0340,5197300,1039460,3638110,16631360,180,14.0,20,0,95,371,28,60,5,0.21,-0.08,0.4652,0.3293
C00341,Company 0341,5209645,364675,4636584,17348117,187,15.1,25,0,28,402,69,22,0,0.24,-0.067,0.5756,0.379
C00342,Company 0342,5221990,-313319,1462157,18068085,194,16.2,0,0,51,433,29,65,6,0.27,-0.054,0.532,0.3594
C00343,Company 0343,5234335,1622643,2460137,18791262,1,17.3,5,0,74,464,70,27,1,0.3,-0.041,0.2289,0.223
C00344,Company 0344,5246680,944402,3462808,19517649,8,18.4,10,0,97,495,30,70,7,0.33,-0.028,0.3325,0.2696
C00345,Company 0345,5259025,262951,4470171,20247246,15,19.5,15,0,30,526,71,32,2,0.36,-0.015,0.4408,0.3184
C00346,Company 0346,5271370,-421709,1265128,20980052,22,0.6,20,0,53,557,31,75,8,0.39,-0.002,0.3876,0.2944
C00347,Company 0347,5283715,1532277,2271997,5864923,29,1.7,25,0,76,588,72,37,3,0.42,0.011,0.3094,0.2592
C00348,Company 0348,5296060,847369,3283557,6567114,36,2.8,0,0,99,619,32,80,9,0.45,0.024,0.3854,0.2934
C00349,Company 0349,5308405,159252,4299808,7272514,43,3.9,5,0,32,650,73,42,4,0.48,0.037,0.5129,0.3508
C00350,Company 0350,5320750,-532075,1064150,7981125,50,5.0,10,0,55,681,33,85,10,0.51,0.05,0.4207,0.2093
C00351,Company 0351,5333095,1439935,2079907,8692944,57,6.1,15,0,78,712,74,47,5,0.54,0.063,0.254,0.1343
C00352,Company 0352,5345440,748361,3100355,9407974,64,7.2,20,0,101,743,34,90,0,0.57,0.076,0.3811,0.1915
C00353,Company 0353,5357785,53577,4125494,10126213,71,8.3,25,0,34,774,75,52,6,0.6,0.089,0.5032,0.2464
C00354,Company 0354,5370130,2040649,859220,10847662,78,9.4,0,0,57,805,35,95,1,0.63,0.102,0.1509,0.0879
C00355,Company 0355,5382475,1345618,1883866,11572321,85,10.5,5,0,80,836,76,57,7,0.66,0.115,0.2273,0.1223
C00356,Company 0356,5394820,647378,2913202,12300189,92,11.6,10,0,103,316,36,100,2,0.69,0.128,0.448,0.3216
C00357,Company 0357,5407165,-54071,3947230,13031267,99,12.7,15,0,36,347,77,62,8,0.72,0.141,0.5654,0.3744
C00358,Company 0358,5419510,1951023,650341,13765555,106,13.8,20,0,59,378,37,24,3,0.75,0.154,0.3063,0.2578
C00359,Company 0359,5431855,1249326,1683875,14503052,113,14.9,25,0,82,409,78,67,9,0.78,0.167,0.3726,0.2877
C00360,Company 0360,5444200,544420,2722100,15243759,120,16.0,0,0,15,440,38,29,4,0.81,0.18,0.4448,0.3202
C00361,Company 0361,5456545,-163696,3765016,15987676,127,17.1,5,0,38,471,79,72,10,0.84,0.193,0.5423,0.364
C00362,Company 0362,5468890,1859422,4812623,16734803,134,18.2,10,0,61,502,39,34,5,0.87,0.206,0.3943,0.2974
C00363,Company 0363,5481235,1151059,1479933,17485139,141,19.3,15,0,84,533,80,77,0,0.9,0.219,0.3639,0.2838
C00364,Company 0364,5493580,439486,2527046,18238685,148,0.4,20,0,17,564,40,39,6,0.93,0.232,0.4126,0.3057
C00365,Company 0365,5505925,-275296,3578851,18995441,155,1.5,25,0,40,595,81,82,1,0.96,0.245,0.5073,0.3483
C00366,Company 0366,5518270,1765846,4635346,19755406,162,2.6,0,0,63,626,41,44,7,0.99,0.258,0.285,0.2482
C00367,Company 0367,5530615,1050816,1272041,20518581,169,3.7,5,0,86,657,82,87,2,0.02,0.271,0.2587,0.1364
C00368,Company 0368,5542960,332577,2328043,21284966,176,4.8,10,0,19,688,42,49,8,0.05,0.284,0.3848,0.1932
C00369,Company 0369,5555305,-388871,3388736,22054560,183,5.9,15,1,42,719,83,92,3,0.08,0.297,0.4773,0.4348
C00370,Company 0370,5567650,1670295,4454120,6124415,190,7.0,20,0,65,750,43,54,9,0.11,0.31,0.5139,0.2513
C00371,Company 0371,5579995,948599,1060199,6863393,197,8.1,25,0,88,781,84,97,4,0.14,0.323,0.3595,0.1818
C00372,Company 0372,5592340,223693,2125089,7605582,4,9.2,0,0,21,812,44,59,10,0.17,0.336,0.3367,0.1715
C00373,Company 0373,5604685,-504421,3194670,8350980,11,10.3,5,0,44,843,85,21,5,0.2,0.349,0.4689,0.231
C00374,Company 0374,5617030,1572768,4268942,9099588,18,11.4,10,0,67,323,45,64,0,0.23,0.362,0.3947,0.2976
C00375,Company 0375,5629375,844406,844406,9851406,25,12.5,15,0,90,354,86,26,6,0.26,0.375,0.3323,0.2695
C00376,Company 0376,5641720,112834,1918184,10606433,32,13.6,20,1,23,385,46,69,1,0.29,0.388,0.4613,0.5276
C00377,Company 0377,5654065,2205085,2996654,11364670,39,14.7,25,0,46,416,87,31,7,0.32,0.401,0.3394,0.2727
C00378,Company 0378,5666410,1473266,4079815,12126117,46,15.8,0,0,69,447,47,74,2,0.35,0.414,0.3455,0.2755
C00379,Company 0379,5678755,738238,624663,12890773,53,16.9,5,0,92,478,88,36,8,0.38,0.427,0.3212,0.2645
C00380,Company 0380,5691100,0,1707330,13658640,60,18.0,10,0,25,509,48,79,3,0.41,0.44,0.4428,0.3193
C00381,Company 0381,5703445,2110274,2794688,14429715,67,19.1,15,0,48,540,89,41,9,0.44,0.453,0.3032,0.2564
C00382,Company 0382,5715790,1371789,3886737,15204001,74,0.2,20,0,71,571,49,84,4,0.47,0.466,0.297,0.2536
C00383,Company 0383,5728135,630094,4983477,15981496,81,1.3,25,0,94,602,90,46,10,0.5,0.479,0.4104,0.3047
C00384,Company 0384,5740480,-114809,1492524,16762201,88,2.4,0,0,27,633,50,89,5,0.53,0.492,0.3523,0.2785
C00385,Company 0385,5752825,2013488,2588771,17546116,95,3.5,5,0,50,664,91,51,0,0.56,-0.495,0.1966,0.1085
C00386,Company 0386,5765170,1268337,3689708,18333240,102,4.6,10,0,73,695,51,94,6,0.59,-0.482,0.2791,0.1456
C00387,Company 0387,5777515,519976,4795337,19123574,109,5.7,15,0,96,726,92,56,1,0.62,-0.469,0.3898,0.1954
C00388,Company 0388,5789860,-231594,1273769,19917118,116,6.8,20,0,29,757,52,99,7,0.65,-0.456,0.4061,0.2027
C00389,Company 0389,5802205,1914727,2378904,20713871,123,7.9,25,0,52,788,93,61,2,0.68,-0.443,0.2354,0.1259
C00390,Company 0390,5814550,1162910,3488730,21513835,130,9.0,0,0,75,819,53,23,8,0.71,-0.43,0.2835,0.1476
C00391,Company 0391,5826895,407882,4603247,22317007,137,10.1,5,0,98,850,94,66,3,0.74,-0.417,0.3759,0.1892
C00392,Company 0392,5839240,-350354,1051063,23123390,144,11.2,10,0,31,330,54,28,9,0.77,-0.404,0.5189,0.3535
C00393,Company 0393,5851585,1813991,2165086,6378227,151,12.3,15,0,54,361,95,71,4,0.8,-0.391,0.4173,0.3078
C00394,Company 0394,5863930,1055507,3283800,7153994,158,13.4,20,0,77,392,55,33,10,0.83,-0.378,0.5663,0.3748
C00395,Company 0395,5876275,293813,4407206,7932971,165,14.5,25,0,100,423,96,76,5,0.86,-0.365,0.6797,0.4259
C00396,Company 0396,5888620,-471089,824406,8715157,172,15.6,0,0,33,454,56,38,0,0.89,-0.352,0.5424,0.3641
C00397,Company 0397,5900965,1711279,1947318,9500553,179,16.7,5,0,56,485,97,81,6,0.92,-0.339,0.3614,0.2826
C00398,Company 0398,5913310,946129,3074921,10289159,186,17.8,10,0,79,516,57,43,1,0.95,-0.326,0.5061,0.3477
C00399,Company 0399,5925655,177769,4207215,11080974,193,18.9,15,0,102,547,98,86,7,0.98,-0.313,0.6132,0.3959
C00400,Company 0400,5938000,-593800,593800,11876000,0,0.0,20,1,35,578,58,48,2,0.01,-0.3,0.3685,0.4858
C00401,Company 0401,5950345,1606593,1725600,12674234,7,1.1,25,0,58,609,99,91,8,0.04,-0.287,0.1777,0.2
C00402,Company 0402,5962690,834776,2862091,13475679,14,2.2,0,0,81,640,59,53,3,0.07,-0.274,0.2553,0.2349
C00403,Company 0403,5975035,59750,4003273,14280333,21,3.3,5,0,104,671,100,96,9,0.1,-0.261,0.3573,0.1808
C00404,Company 0404,5987380,2275204,5149146,15088197,28,4.4,10,0,37,702,60,58,4,0.13,-0.248,0.2368,0.1266
C00405,Company 0405,5999725,1499931,1499931,15899271,35,5.5,15,0,60,733,20,20,10,0.16,-0.235,0.1972,0.1087
C00406,Company 0406,6012070,721448,2645310,16713554,42,6.6,20,0,83,764,61,63,5,0.19,-0.222,0.2975,0.1539
C00407,Company 0407,6024415,-60244,3795381,17531047,49,7.7,25,1,16,795,21,25,0,0.22,-0.209,0.428,0.4126
C00408,Company 0408,6036760,2173233,4950143,18351750,56,8.8,0,0,39,826,62,68,6,0.25,-0.196,0.2001,0.11
C00409,Company 0409,6049105,1391294,1270312,19175662,63,9.9,5,0,62,306,22,30,1,0.28,-0.183,0.29,0.2505
C00410,Company 0410,6061450,606145,2424580,20002785,70,11.0,10,0,85,337,63,73,7,0.31,-0.17,0.3868,0.2941
C00411,Company 0411,6073795,-182213,3583539,20833116,77,12.1,15,0,18,368,23,35,2,0.34,-0.157,0.5142,0.3514
C00412,Company 0412,6086140,2069287,4747189,21666658,84,13.2,20,0,41,399,64,78,8,0.37,-0.144,0.3318,0.2693
C00413,Company 0413,6098485,1280681,1036742,22503409,91,14.3,25,0,64,430,24,40,3,0.4,-0.131,0.3458,0.2756
C00414,Company 0414,6110830,488866,2199898,23343370,98,15.4,0,0,87,461,65,83,9,0.43,-0.118,0.3798,0.2909
C00415,Company 0415,6123175,-306158,3367746,24186541,105,16.5,5,0,20,492,25,45,4,0.46,-0.105,0.505,0.3473
C00416,Company 0416,6135520,1963366,4540284,6626361,112,17.6,10,0,43,523,66,88,10,0.49,-0.092,0.5101,0.3495
C00417,Company 0417,6147865,1168094,799222,7438916,119,18.7,15,0,66,554,26,50,5,0.52,-0.079,0.3742,0.2884
C00418,Company 0418,6160210,369612,1971267,8254681,126,19.8,20,0,89,585,67,93,0,0.55,-0.066,0.5015,0.3457
C00419,Company 0419,6172555,-432078,3148003,9073655,133,0.9,25,0,22,616,27,55,6,0.58,-0.053,0.5719,0.3774
C00420,Company 0420,6184900,1855470,4329430,9895840,140,2.0,0,0,45,647,68,98,1,0.61,-0.04,0.3229,0.2653
C00421,Company 0421,6197245,1053531,5515548,10721233,147,3.1,5,0,68,678,28,60,7,0.64,-0.027,0.4609,0.2274
C00422,Company 0422,6209590,248383,1738685,11549837,154,4.2,10,0,91,709,69,22,2,0.67,-0.014,0.4063,0.2028
C00423,Company 0423,6221935,-559974,2924309,12381650,161,5.3,15,0,24,740,29,65,8,0.7,-0.001,0.5315,0.2592
C00424,Company 0424,6234280,1745598,4114624,13216673,168,6.4,20,0,47,771,70,27,3,0.73,0.012,0.3525,0.1786
C00425,Company 0425,6246625,936993,5309631,14054906,175,7.5,25,0,70,802,30,70,9,0.76,0.025,0.47,0.2315
C00426,Company 0426,6258970,125179,1502152,14896348,182,8.6,0,0,93,833,71,32,4,0.79,0.038,0.3902,0.1956
C00427,Company 0427,6271315,2445812,2696665,15741000,189,9.7,5,0,26,313,31,75,10,0.82,0.051,0.3636,0.2836
C00428,Company 0428,6283660,1633751,3895869,16588862,196,10.8,10,0,49,344,72,37,5,0.85,0.064,0.4259,0.3117
C00429,Company 0429,6296005,818480,5099764,17439933,3,11.9,15,0,72,375,32,80,0,0.88,0.077,0.4199,0.309
C00430,Company 0430,6308350,0,1261670,18294215,10,13.0,20,0,95,406,73,42,6,0.91,0.09,0.4215,0.3097
C00431,Company 0431,6320695,2338657,2465071,19151705,17,14.1,25,0,28,437,33,85,1,0.94,0.103,0.2784,0.2453
C00432,Company 0432,6333040,1519929,3673163,20012406,24,15.2,0,0,51,468,74,47,7,0.97,0.116,0.2893,0.2502
C00433,Company 0433,6345385,697992,4885946,20876316,31,16.3,5,0,74,499,34,90,2,1.0,0.129,0.4004,0.3002
C00434,Company 0434,6357730,-127154,1017236,21743436,38,17.4,10,0,97,530,75,52,8,0.03,0.142,0.3965,0.2984
C00435,Company 0435,6370075,2229526,2229526,22613766,45,18.5,15,0,30,561,35,95,3,0.06,0.155,0.2382,0.2272
C00436,Company 0436,6382420,1404132,3446506,23487305,52,19.6,20,0,53,592,76,57,9,0.09,0.168,0.3184,0.2633
C00437,Company 0437,6394765,575528,4668178,24364054,59,0.7,25,0,76,623,36,100,4,0.12,0.181,0.3473,0.2763
C00438,Company 0438,6407110,-256284,768853,25244013,66,1.8,0,1,99,654,77,62,10,0.15,0.194,0.3138,0.3612
C00439,Company 0439,6419455,2118420,1990031,6868816,73,2.9,5,0,32,685,37,24,5,0.18,0.207,0.2427,0.1292
C00440,Company 0440,6431800,1286360,3215900,7718160,80,4.0,10,0,55,716,78,67,0,0.21,0.22,0.3502,0.1776
C00441,Company 0441,6444145,451090,4446460,8570712,87,5.1,15,0,78,747,38,29,6,0.24,0.233,0.4982,0.2442
C00442,Company 0442,6456490,-387389,5681711,9426475,94,6.2,20,0,101,778,79,72,1,0.27,0.246,0.6066,0.293
C00443,Company 0443,6468835,2005338,1746585,10285447,101,7.3,25,0,34,809,39,34,7,0.3,0.259,0.2466,0.131
C00444,Company 0444,6481180,1166612,2981342,11147629,108,8.4,0,0,57,840,80,77,2,0.33,0.272,0.2944,0.1525
C00445,Company 0445,6493525,324676,4220791,12013021,115,9.5,5,0,80,320,40,39,8,0.36,0.285,0.5353,0.3609
C00446,Company 0446,6505870,-520469,5464930,12881622,122,10.6,10,0,103,351,81,82,3,0.39,0.298,0.6392,0.4076
C00447,Company 0447,6518215,1890282,1499189,13753433,129,11.7,15,0,36,382,41,44,9,0.42,0.311,0.3203,0.2641
C00448,Company 0448,6530560,1044889,2742835,14628454,136,12.8,20,0,59,413,82,87,4,0.45,0.324,0.4265,0.3119
C00449,Company 0449,6542905,196287,3991172,15506684,143,13.9,25,0,82,444,42,49,10,0.48,0.337,0.5616,0.3727
C00450,Company 0450,6555250,-655525,5244200,16388125,150,15.0,0,0,15,475,83,92,5,0.51,0.35,0.6014,0.3906
C00451,Company 0451,6567595,1773250,1247843,17272774,157,16.1,5,0,38,506,43,54,0,0.54,0.363,0.3094,0.2592
C00452,Company 0452,6579940,921191,2500377,18160634,164,17.2,10,0,61,537,84,97,6,0.57,0.376,0.4104,0.3047
C00453,Company 0453,6592285,65922,3757602,19051703,171,18.3,15,0,84,568,44,59,1,0.6,0.389,0.5414,0.3636
C00454,Company 0454,6604630,2509759,5019518,19945982,178,19.4,20,0,17,599,85,21,7,0.63,0.402,0.4021,0.3009
C00455,Company 0455,6616975,1654243,992546,20843471,185,0.5,25,0,40,630,45,64,2,0.66,0.415,0.2834,0.2475
C00456,Company 0456,6629320,795518,2253968,21744169,192,1.6,0,0,63,661,86,26,8,0.69,0.428,0.3368,0.1716
C00457,Company 0457,6641665,-66416,3520082,22648077,199,2.7,5,0,86,692,46,69,3,0.72,0.441,0.4485,0.2218
C00458,Company 0458,6654010,2395443,4790887,23555195,6,3.8,10,0,19,723,87,31,9,0.75,0.454,0.1746,0.0986
C00459,Company 0459,6666355,1533261,733299,24465522,13,4.9,15,0,42,754,47,74,4,0.78,0.467,0.1602,0.0921
C00460,Company 0460,6678700,667870,2003610,25379060,20,6.0,20,0,65,785,88,36,10,0.81,0.48,0.2708,0.1419
C00461,Company 0461,6691045,-200731,3278612,26295806,27,7.1,25,0,88,816,48,79,5,0.84,0.493,0.3801,0.191
C00462,Company 0462,6703390,2279152,4558305,7105593,34,8.2,0,0,21,847,89,41,0,0.87,-0.494,0.3417,0.1738
C00463,Company 0463,6715735,1410304,5842689,7991724,41,9.3,5,0,44,327,49,84,6,0.9,-0.481,0.5447,0.3651
C00464,Company 0464,6728080,538246,1749300,8881065,48,10.4,10,0,67,358,90,46,1,0.93,-0.468,0.422,0.3099
C00465,Company 0465,6740425,-337021,3033191,9773616,55,11.5,15,0,90,389,50,89,7,0.96,-0.455,0.5584,0.3713
C00466,Company 0466,6752770,2160886,4321772,10669376,62,12.6,20,0,23,420,91,51,2,0.99,-0.442,0.3992,0.2996
C00467,Company 0467,6765115,1285371,5615045,11568346,69,13.7,25,0,46,451,51,94,8,0.02,-0.429,0.4903,0.3406
C00468,Company 0468,6777460,406647,1491041,12470526,76,14.8,0,0,69,482,92,56,3,0.05,-0.416,0.3749,0.2887
C00469,Company 0469,6789805,-475286,2783820,13375915,83,15.9,5,1,92,513,52,99,9,0.08,-0.403,0.5013,0.5456
C00470,Company 0470,6802150,2040645,4081290,14284515,90,17.0,10,0,25,544,93,61,4,0.11,-0.39,0.3233,0.2655
C00471,Company 0471,6814495,1158464,5383451,15196323,97,18.1,15,0,48,575,53,23,10,0.14,-0.377,0.4579,0.3261
C00472,Company 0472,6826840,273073,1228831,16111342,104,19.2,20,0,71,606,94,66,5,0.17,-0.364,0.4215,0.3097
C00473,Company 0473,6839185,-615526,2530498,17029570,111,0.3,25,0,94,637,54,28,0,0.2,-0.351,0.4776,0.3349
C00474,Company 0474,6851530,1918428,3836856,17951008,118,1.4,0,0,27,668,95,71,6,0.23,-0.338,0.2184,0.1183
C00475,Company 0475,6863875,1029581,5147906,18875656,125,2.5,5,0,50,699,55,33,1,0.26,-0.325,0.3491,0.1771
C00476,Company 0476,6876220,137524,962670,19803513,132,3.6,10,1,73,730,96,76,7,0.29,-0.312,0.3343,0.3704
C00477,Company 0477,6888565,2686540,2273226,20734580,139,4.7,15,0,96,761,56,38,2,0.32,-0.299,0.2198,0.1189
C00478,Company 0478,6900910,1794236,3588473,21668857,146,5.8,20,0,29,792,97,81,8,0.35,-0.286,0.263,0.1384
C00479,Company 0479,6913255,898723,4908411,22606343,153,6.9,25,0,52,823,57,43,3,0.38,-0.273,0.3908,0.1959
C00480,Company 0480,6925600,0,692560,23547040,160,8.0,0,0,75,303,98,86,9,0.41,-0.26,0.4306,0.3138
C00481,Company 0481,6937945,2567039,2012004,24490945,167,9.1,5,0,98,334,58,48,4,0.44,-0.247,0.3009,0.2554
C00482,Company 0482,6950290,1668069,3336139,25438061,174,10.2,10,0,31,365,99,91,10,0.47,-0.234,0.3532,0.2789
C00483,Company 0483,6962635,765889,4664965,26388386,181,11.3,15,0,54,396,59,53,5,0.5,-0.221,0.4787,0.3354
C00484,Company 0484,6974980,-139499,5998482,27341921,188,12.4,20,0,77,427,100,96,0,0.53,-0.208,0.5705,0.3767
C00485,Company 0485,6987325,2445563,1746831,7336691,195,13.5,25,0,100,458,60,58,6,0.56,-0.195,0.4151,0.3068
C00486,Company 0486,6999670,1539927,3079854,8259610,2,14.6,0,0,33,489,20,20,1,0.59,-0.182,0.3662,0.2848
C00487,Company 0487,7012015,631081,4417569,9185739,9,15.7,5,0,56,520,61,63,7,0.62,-0.169,0.4842,0.3379
C00488,Company 0488,7024360,-280974,5759975,10115078,16,16.8,10,0,79,551,21,25,2,0.65,-0.156,0.6267,0.402
C00489,Company 0489,7036705,2322112,1477708,11047626,23,17.9,15,0,102,582,62,68,8,0.68,-0.143,0.2452,0.2303
C00490,Company 0490,7049050,1409810,2819620,11983385,30,19.0,20,0,35,613,22,30,3,0.71,-0.13,0.375,0.2888
C00491,Company 0491,7061395,494297,4166223,12922352,37,0.1,25,0,58,644,63,73,9,0.74,-0.117,0.4046,0.3021
C00492,Company 0492,7073740,-424424,5517517,13864530,44,1.2,0,0,81,675,23,35,4,0.77,-0.104,0.482,0.2369
C00493,Company 0493,7086085,2196686,1204634,14809917,51,2.3,5,0,104,706,64,78,10,0.8,-0.091,0.1361,0.0812
C00494,Company 0494,7098430,1277717,2555434,15758514,58,3.4,10,0,37,737,24,40,5,0.83,-0.078,0.2696,0.1413
C00495,Company 0495,7110775,355538,3910926,16710321,65,4.5,15,0,60,768,65,83,0,0.86,-0.065,0.3731,0.1879
C00496,Company 0496,7123120,-569849,5271108,17665337,72,5.6,20,0,83,799,25,45,6,0.89,-0.052,0.506,0.2477
C00497,Company 0497,7135465,2069284,927610,18623563,79,6.7,25,0,16,830,66,88,1,0.92,-0.039,0.1814,0.1016
C00498,Company 0498,7147810,1143649,2287299,19584999,86,7.8,0,0,39,310,26,50,7,0.95,-0.026,0.3555,0.28
C00499,Company 0499,7160155,214804,3651679,20549644,93,8.9,5,0,62,341,67,93,2,0.98,-0.013,0.4546,0.3246
C00500,Company 0500,7172500,-717250,5020750,21517500,100,10.0,10,1,85,372,27,55,8,0.01,0.0,0.564,0.5738
